,keyword,freq,frequency
0,1,,1497.0
1,the,,761.0
2,a,,634.0
3,i,,512.0
4,to,,499.0
5,of,,468.0
6,and,,443.0
7,,,388.0
8,in,,313.0
9,animation,,307.0
10,for,,288.0
11,this,,263.0
12,you,,262.0
13,my,,245.0
14,is,,240.0
15,it,,207.0
16,zooey,,194.0
17,on,,188.0
18,with,,160.0
19,that,,145.0
20,from,,128.0
21,new,,125.0
22,be,,111.0
23,an,,111.0
24,what,,103.0
25,just,,99.0
26,animated,,99.0
27,so,,98.0
28,by,,96.0
29,are,,93.0
30,but,,90.0
31,as,,90.0
32,short,,90.0
33,at,,88.0
34,if,,87.0
35,was,,87.0
36,have,,84.0
37,like,,82.0
38,made,,80.0
39,or,,75.0
40,me,,74.0
41,first,,73.0
42,some,,73.0
43,all,,69.0
44,about,,68.0
45,do,,68.0
46,one,,68.0
47,here,,67.0
48,film,,67.0
49,she,,63.0
50,deschanel,,63.0
51,out,,62.0
52,can,,62.0
53,it's,,62.0
54,how,,61.0
55,i'm,,61.0
56,your,,61.0
57,work,,60.0
58,not,,59.0
59,think,,58.0
60,more,,52.0
61,would,,51.0
62,her,,50.0
63,know,,50.0
64,time,,50.0
65,i've,,49.0
66,get,,49.0
67,video,,48.0
68,will,,47.0
69,love,,46.0
70,who,,43.0
71,now,,42.0
72,has,,42.0
73,been,,41.0
74,amp,,41.0
75,music,,40.0
76,show,,39.0
77,little,,39.0
78,cartoon,,38.0
79,working,,38.0
80,him,,38.0
81,make,,37.0
82,motion,,37.0
83,did,,37.0
84,really,,36.0
85,there,,36.0
86,2,,35.0
87,they,,35.0
88,any,,35.0
89,want,,35.0
90,into,,34.0
91,free,,34.0
92,up,,34.0
93,day,,34.0
94,animators,,33.0
95,anyone,,33.0
96,when,,33.0
97,girl,,33.0
98,see,,33.0
99,hd,,33.0
100,nsfw,,32.0
101,don't,,32.0
102,disney,,32.0
103,good,,32.0
104,years,,32.0
105,seen,,31.0
106,after,,31.0
107,very,,31.0
108,am,,31.0
109,we,,30.0
110,other,,29.0
111,flash,,29.0
112,animator,,29.0
113,also,,29.0
114,their,,29.0
115,them,,28.0
116,x-post,,28.0
117,here's,,28.0
118,something,,28.0
119,thought,,28.0
120,reel,,27.0
121,could,,27.0
122,reddit,,27.0
123,much,,27.0
124,stop,,27.0
125,character,,27.0
126,year,,27.0
127,3d,,27.0
128,art,,26.0
129,r/animation,,25.0
130,guys,,25.0
131,making,,25.0
132,his,,25.0
133,most,,24.0
134,episode,,24.0
135,i'd,,24.0
136,people,,24.0
137,well,,24.0
138,post,,23.0
139,got,,23.0
140,he,,23.0
141,two,,23.0
142,go,,23.0
143,should,,23.0
144,great,,23.0
145,had,,22.0
146,still,,22.0
147,please,,22.0
148,take,,22.0
149,project,,22.0
150,course,,21.0
151,look,,21.0
152,let,,21.0
153,than,,21.0
154,awesome,,21.0
155,done,,21.0
156,where,,21.0
157,animations,,20.0
158,ever,,20.0
159,find,,20.0
160,feedback,,20.0
161,our,,20.0
162,amazing,,19.0
163,life,,19.0
164,finished,,19.0
165,best,,19.0
166,ago,,19.0
167,many,,19.0
168,why,,18.0
169,say,,18.0
170,student,,18.0
171,things,,18.0
172,back,,18.0
173,another,,18.0
174,beautiful,,18.0
175,those,,18.0
176,studio,,18.0
177,check,,18.0
178,feel,,18.0
179,subreddit,,18.0
180,hope,,18.0
181,friend,,18.0
182,animating,,18.0
183,off,,18.0
184,watch,,18.0
185,right,,17.0
186,too,,17.0
187,trailer,,17.0
188,hey,,17.0
189,while,,17.0
190,these,,17.0
191,favorite,,17.0
192,interested,,17.0
193,days,,17.0
194,over,,17.0
195,even,,17.0
196,last,,17.0
197,going,,17.0
198,may,,17.0
199,enjoy,,17.0
